"Expected GGWP (USD)","Policy Underwriting Month","Policy Underwriting Year","Reserving Class Code","Reserving Class Full Name level 1"
"11518.9294734","1","2016","DCPRO","PROPERTY (PRO)"
"770495.8702140364","1","2017","DCBON","BONDS (BON)"
"620967.1152877416","1","2017","DCFIL","FINANCIAL LINES (FIL)"
"6568100.636127357","1","2017","DCLIA","GENERAL LIABILITY (LIA)"
"470027.7721542864","1","2017","DCMAR","MARINE (MAR)"
"150312.3999475966","1","2017","DCPRO","PROPERTY (PRO)"
"26614.9801875","1","2017","ENCON","ENERGY (ENR)"
"1270647.16815112","1","2017","ENOFF","ENERGY (ENR)"
"1870600.9643229917","1","2017","ENONS","ENERGY (ENR)"
"238230.289279637","1","2017","LISHT","LIFE (LIF)"
"1156678.2660850526","1","2017","PRTOT","PROPERTY (PRO)"
"2405735.325016349","1","2018","DCBON","BONDS (BON)"
"782954.0550050724","1","2018","DCFIL","FINANCIAL LINES (FIL)"
"246433.68636633828","1","2018","DCLIA","GENERAL LIABILITY (LIA)"
"424512.61820079427","1","2018","DCMAR","MARINE (MAR)"
"381793.073452","1","2018","ENCON","ENERGY (ENR)"
"6919318.359948938","1","2018","ENOFF","ENERGY (ENR)"
"606189.317056576","1","2018","ENONS","ENERGY (ENR)"
"229306.34325925767","1","2018","LISHT","LIFE (LIF)"
"1603410.204724068","1","2018","PRTOT","PROPERTY (PRO)"
"6122260.163621879","1","2019","DCBON","BONDS (BON)"
"1937695.5255892354","1","2019","DCFIL","FINANCIAL LINES (FIL)"
"108125.79007013327","1","2019","DCLIA","GENERAL LIABILITY (LIA)"
"1265445.8495178432","1","2019","DCMAR","MARINE (MAR)"
"444783.4007845991","1","2019","DCPRO","PROPERTY (PRO)"
"65286.65","1","2019","ENCON","ENERGY (ENR)"
"6000986.13185054","1","2019","ENOFF","ENERGY (ENR)"
"1814077.104162456","1","2019","ENONS","ENERGY (ENR)"
"315437.93633097265","1","2019","LISHT","LIFE (LIF)"
"2101929.135498542","1","2019","PRTOT","PROPERTY (PRO)"
"312294.6442270105","1","2020","DCBON","BONDS (BON)"
"782409.6408867624","1","2020","DCFIL","FINANCIAL LINES (FIL)"
"31566.263559514653","1","2020","DCLIA","GENERAL LIABILITY (LIA)"
"40713.871","1","2020","DCMAR","MARINE (MAR)"
"10398125.173964253","1","2020","ENOFF","ENERGY (ENR)"
"9298168.18783223","1","2020","ENONS","ENERGY (ENR)"
"867774.5932279321","1","2020","LISHT","LIFE (LIF)"
"208933.98566603262","1","2020","PRTOT","PROPERTY (PRO)"
"273282.40823519643","1","2021","DCBON","BONDS (BON)"
"887466.329680703","1","2021","DCFIL","FINANCIAL LINES (FIL)"
"1753279.977823467","1","2021","DCMAR","MARINE (MAR)"
"2307281.4743073815","1","2021","ENCON","ENERGY (ENR)"
"7733149.586399751","1","2021","ENOFF","ENERGY (ENR)"
"7081537.577774745","1","2021","ENONS","ENERGY (ENR)"
"0.00050","1","2021","ENOTH","ENERGY (ENR)"
"307067.35169915843","1","2021","LISHT","LIFE (LIF)"
"563195.8660318847","1","2021","PRTOT","PROPERTY (PRO)"
"5666462.087314169","1","2022","DCBON","BONDS (BON)"
"818251.6422914003","1","2022","DCFIL","FINANCIAL LINES (FIL)"
"1251871.7413994216","1","2022","DCMAR","MARINE (MAR)"
"575645.025","1","2022","ENCON","ENERGY (ENR)"
"11054332.936238728","1","2022","ENOFF","ENERGY (ENR)"
"5252461.33330258","1","2022","ENONS","ENERGY (ENR)"
"462275.321","1","2022","ENOTH","ENERGY (ENR)"
"4167201.9945725272","1","2022","LISHT","LIFE (LIF)"
"163753.087576208","1","2022","PRTOT","PROPERTY (PRO)"
"5177556.05850741","1","2023","DCBON","BONDS (BON)"
"736198.8869251774","1","2023","DCFIL","FINANCIAL LINES (FIL)"
"998242.8099993154","1","2023","DCMAR","MARINE (MAR)"
"5384035.26","1","2023","ENCON","ENERGY (ENR)"
"3984658.2775624073","1","2023","ENOFF","ENERGY (ENR)"
"3008873.9489","1","2023","ENONS","ENERGY (ENR)"
"0.00050","1","2023","ENOTH","ENERGY (ENR)"
"329140.16286193446","1","2023","LIIND","LIFE (LIF)"
"4128676.0402817526","1","2023","LISHT","LIFE (LIF)"
"530709.0331818074","1","2023","PRTOT","PROPERTY (PRO)"
"23093.331169695066","1","2024","DCBON","BONDS (BON)"
"438731.3301388626","1","2024","DCFIL","FINANCIAL LINES (FIL)"
"854494.2464854727","1","2024","DCMAR","MARINE (MAR)"
"1146806.8905005415","1","2024","ENCON","ENERGY (ENR)"
"1698351.3115544813","1","2024","ENOFF","ENERGY (ENR)"
"3702587.4449159633","1","2024","ENONS","ENERGY (ENR)"
"235462.48683872","1","2024","ENOTH","ENERGY (ENR)"
"449819.55758844595","1","2024","LIIND","LIFE (LIF)"
"127.17371985291781","1","2024","LIMLT","LIFE (LIF)"
"1240018.7068127347","1","2024","LISHT","LIFE (LIF)"
"420033.00593915785","1","2024","PRTOT","PROPERTY (PRO)"
"1290204.37","1","2025","ENCON","ENERGY (ENR)"
"3572560.952963766","1","2025","ENOFF","ENERGY (ENR)"
"4511706.4215942","1","2025","ENONS","ENERGY (ENR)"
"436497.85","1","2025","ENOTH","ENERGY (ENR)"
"1159861.9978571266","1","2025","LIIND","LIFE (LIF)"
"16744040.308491576","1","2025","LIMED","LIFE (LIF)"
"3566885.356446041","1","2025","LISHT","LIFE (LIF)"
"335261.7773697605","1","2025","PRTOT","PROPERTY (PRO)"
"10494.02","1","2026","ENCON","ENERGY (ENR)"
"858646.8427352613","1","2026","ENOFF","ENERGY (ENR)"
"4967621.999870334","1","2026","ENONS","ENERGY (ENR)"
"450547.757075","1","2026","ENOTH","ENERGY (ENR)"
"114315.07473925743","1","2026","LIIND","LIFE (LIF)"
"27024794.68509571","1","2026","LISHT","LIFE (LIF)"
"1638422.3268217149","1","2026","PRTOT","PROPERTY (PRO)"
"3224280.197297818","2","2017","DCBON","BONDS (BON)"
"190554.59281587336","2","2017","DCFIL","FINANCIAL LINES (FIL)"
"212382.18265866244","2","2017","DCLIA","GENERAL LIABILITY (LIA)"
"294922.15","2","2017","ENCON","ENERGY (ENR)"
"160584.0120240637","2","2017","ENOFF","ENERGY (ENR)"
"40000.0","2","2017","ENONS","ENERGY (ENR)"
"13891.697474192066","2","2017","PRTOT","PROPERTY (PRO)"
"346085.98459010286","2","2018","DCFIL","FINANCIAL LINES (FIL)"
"152926.46701815302","2","2018","DCLIA","GENERAL LIABILITY (LIA)"
"46650.8255019817","2","2018","DCMAR","MARINE (MAR)"
"8.10853047579138","2","2018","DCPRO","PROPERTY (PRO)"
"9405.0","2","2018","ENCON","ENERGY (ENR)"
"413247.540028753","2","2018","ENOFF","ENERGY (ENR)"
"50525.17038801906","2","2018","ENONS","ENERGY (ENR)"
"120034.38828277859","2","2018","PRTOT","PROPERTY (PRO)"
"939478.3260417682","2","2019","DCBON","BONDS (BON)"
"855339.5395429749","2","2019","DCFIL","FINANCIAL LINES (FIL)"
"233662.53293737862","2","2019","DCLIA","GENERAL LIABILITY (LIA)"
"86730.73879345716","2","2019","DCMAR","MARINE (MAR)"
"170075.040043","2","2019","DCPRO","PROPERTY (PRO)"
"222305.254784","2","2019","ENCON","ENERGY (ENR)"
"1276348.2437040806","2","2019","ENOFF","ENERGY (ENR)"
"423719.485476","2","2019","ENONS","ENERGY (ENR)"
"364663.65609950613","2","2019","PRTOT","PROPERTY (PRO)"
"315934.29007571394","2","2020","DCBON","BONDS (BON)"
"791852.9738758805","2","2020","DCFIL","FINANCIAL LINES (FIL)"
"365752.8523443965","2","2020","DCLIA","GENERAL LIABILITY (LIA)"
"23517.320848114003","2","2020","DCMAR","MARINE (MAR)"
"57904.142668","2","2020","ENCON","ENERGY (ENR)"
"1540958.225052068","2","2020","ENOFF","ENERGY (ENR)"
"820069.2248661165","2","2020","ENONS","ENERGY (ENR)"
"15717.01391379638","2","2020","LISHT","LIFE (LIF)"
"7592.277502341914","2","2020","PRTOT","PROPERTY (PRO)"
"152174.26659961656","2","2021","DCBON","BONDS (BON)"
"497788.8044785592","2","2021","DCFIL","FINANCIAL LINES (FIL)"
"46929.79123844418","2","2021","DCLIA","GENERAL LIABILITY (LIA)"
"387625.43825358344","2","2021","DCMAR","MARINE (MAR)"
"64359.38088914045","2","2021","DCPRO","PROPERTY (PRO)"
"1203374.1994174288","2","2021","ENOFF","ENERGY (ENR)"
"851872.6559508105","2","2021","ENONS","ENERGY (ENR)"
"124185.6343869245","2","2021","PRTOT","PROPERTY (PRO)"
"299098.04182792734","2","2022","DCBON","BONDS (BON)"
"456973.8463900876","2","2022","DCFIL","FINANCIAL LINES (FIL)"
"9040127.255986646","2","2022","DCLIA","GENERAL LIABILITY (LIA)"
"85970.14175242886","2","2022","DCMAR","MARINE (MAR)"
"1201856.2933438774","2","2022","DCPRO","PROPERTY (PRO)"
"25541.36211715","2","2022","ENCON","ENERGY (ENR)"
"889891.411548482","2","2022","ENOFF","ENERGY (ENR)"
"689559.4496756206","2","2022","ENONS","ENERGY (ENR)"
"68706.10330554617","2","2022","PRTOT","PROPERTY (PRO)"
"612845.8743022772","2","2023","DCFIL","FINANCIAL LINES (FIL)"
"10599890.98604674","2","2023","DCLIA","GENERAL LIABILITY (LIA)"
"218965.92499324316","2","2023","DCMAR","MARINE (MAR)"
"3764349.67633658","2","2023","ENCON","ENERGY (ENR)"
"337597.86594860326","2","2023","ENOFF","ENERGY (ENR)"
"889608.0571097564","2","2023","ENONS","ENERGY (ENR)"
"438735.3964023037","2","2023","LIIND","LIFE (LIF)"
"115902.82288854425","2","2023","LISHT","LIFE (LIF)"
"89616.95408285175","2","2023","PRTOT","PROPERTY (PRO)"
"241914.2070763271","2","2024","DCFIL","FINANCIAL LINES (FIL)"
"6421847.549312202","2","2024","DCLIA","GENERAL LIABILITY (LIA)"
"84251.85996029482","2","2024","DCMAR","MARINE (MAR)"
"299330.3125","2","2024","ENCON","ENERGY (ENR)"
"442574.465","2","2024","ENOFF","ENERGY (ENR)"
"261951.9223142817","2","2024","ENONS","ENERGY (ENR)"
"115627.9145","2","2024","ENOTH","ENERGY (ENR)"
"344619.98674982","2","2024","LIIND","LIFE (LIF)"
"30742.03720161162","2","2024","PRTOT","PROPERTY (PRO)"
"251644.9","2","2025","ENCON","ENERGY (ENR)"
"471236.16405","2","2025","ENOFF","ENERGY (ENR)"
"446460.14449083223","2","2025","ENONS","ENERGY (ENR)"
"141523.3","2","2025","ENOTH","ENERGY (ENR)"
"101967.56675561155","2","2025","LIIND","LIFE (LIF)"
"150820.85","2","2026","ENOFF","ENERGY (ENR)"
"295572.26751101547","2","2026","ENONS","ENERGY (ENR)"
"99837.531","2","2026","ENOTH","ENERGY (ENR)"
"75922.25979124257","3","2016","DCLIA","GENERAL LIABILITY (LIA)"
"296335.7668987086","3","2017","DCBON","BONDS (BON)"
"30440.888564855573","3","2017","DCENR","ENERGY (ENR)"
"74740.53236900439","3","2017","DCFIL","FINANCIAL LINES (FIL)"
"217222.11993890023","3","2017","DCLIA","GENERAL LIABILITY (LIA)"
"12732.0771734543","3","2017","DCPRO","PROPERTY (PRO)"
"530302.4169960798","3","2017","DCSPE","SPECIALITY RISKS (SPE)"
"223653.959896","3","2017","ENOFF","ENERGY (ENR)"
"917114.9949076981","3","2017","ENONS","ENERGY (ENR)"
"4686.229834081838","3","2017","LISHT","LIFE (LIF)"
"1.992319844788713","3","2017","PRTOT","PROPERTY (PRO)"
"745405.9222640183","3","2018","DCBON","BONDS (BON)"
"307511.8454619619","3","2018","DCFIL","FINANCIAL LINES (FIL)"
"95458.602946926","3","2018","DCLIA","GENERAL LIABILITY (LIA)"
"1379511.9775","3","2018","DCMAR","MARINE (MAR)"
"21631.062899789988","3","2018","DCPRO","PROPERTY (PRO)"
"35047.14926175","3","2018","ENCON","ENERGY (ENR)"
"165181.04818989","3","2018","ENOFF","ENERGY (ENR)"
"545722.2108187752","3","2018","ENONS","ENERGY (ENR)"
"151582.0076427182","3","2018","LISHT","LIFE (LIF)"
"395969.80260210054","3","2018","PRTOT","PROPERTY (PRO)"
"296110.40128704585","3","2019","DCBON","BONDS (BON)"
"757665.058685705","3","2019","DCFIL","FINANCIAL LINES (FIL)"
"142183.5362283264","3","2019","DCLIA","GENERAL LIABILITY (LIA)"
"912220.9774713644","3","2019","DCMAR","MARINE (MAR)"
"40036.632227181886","3","2019","DCPRO","PROPERTY (PRO)"
"673227.89568617","3","2019","ENOFF","ENERGY (ENR)"
"559338.9314738696","3","2019","ENONS","ENERGY (ENR)"
"838793.5732769687","3","2019","PRTOT","PROPERTY (PRO)"
"96480.9664527962","3","2020","DCBON","BONDS (BON)"
"335512.6526421526","3","2020","DCFIL","FINANCIAL LINES (FIL)"
"194395.64080895745","3","2020","DCLIA","GENERAL LIABILITY (LIA)"
"19564.991344656493","3","2020","DCPRO","PROPERTY (PRO)"
"56288.3785","3","2020","ENCON","ENERGY (ENR)"
"919758.5353207608","3","2020","ENOFF","ENERGY (ENR)"
"3748898.3686316772","3","2020","ENONS","ENERGY (ENR)"
"395157.21105907037","3","2020","PRTOT","PROPERTY (PRO)"
"276639.72693645384","3","2021","DCBON","BONDS (BON)"
"681423.0914871709","3","2021","DCFIL","FINANCIAL LINES (FIL)"
"165424.90840353793","3","2021","DCLIA","GENERAL LIABILITY (LIA)"
"719624.2297685406","3","2021","DCMAR","MARINE (MAR)"
"1421281.6492667329","3","2021","ENOFF","ENERGY (ENR)"
"2769384.377707741","3","2021","ENONS","ENERGY (ENR)"
"26719.75","3","2021","ENOTH","ENERGY (ENR)"
"94144.89220822706","3","2021","LISHT","LIFE (LIF)"
"477426.27967175347","3","2021","PRTOT","PROPERTY (PRO)"
"1120300.10881579","3","2022","DCBON","BONDS (BON)"
"602536.5946538082","3","2022","DCFIL","FINANCIAL LINES (FIL)"
"5992850.419496382","3","2022","DCLIA","GENERAL LIABILITY (LIA)"
"1697476.703259456","3","2022","DCMAR","MARINE (MAR)"
"0.000975","3","2022","ENCON","ENERGY (ENR)"
"729624.9382277416","3","2022","ENOFF","ENERGY (ENR)"
"1406642.2451087295","3","2022","ENONS","ENERGY (ENR)"
"43462.57285555093","3","2022","LIIND","LIFE (LIF)"
"2125219.417057556","3","2022","LISHT","LIFE (LIF)"
"651766.443733814","3","2022","PRTOT","PROPERTY (PRO)"
"40332.4489254671","3","2023","DCBON","BONDS (BON)"
"418592.0896371525","3","2023","DCFIL","FINANCIAL LINES (FIL)"
"9157585.228485635","3","2023","DCLIA","GENERAL LIABILITY (LIA)"
"1556852.96365892","3","2023","DCMAR","MARINE (MAR)"
"185558.0542","3","2023","ENCON","ENERGY (ENR)"
"1178303.47285556","3","2023","ENOFF","ENERGY (ENR)"
"252794.83851380408","3","2023","ENONS","ENERGY (ENR)"
"846631.1447155122","3","2023","LIIND","LIFE (LIF)"
"2281996.64027318","3","2023","LISHT","LIFE (LIF)"
"570110.8687302283","3","2023","PRTOT","PROPERTY (PRO)"
"79769.48073542365","3","2024","DCFIL","FINANCIAL LINES (FIL)"
"162971.95","3","2024","ENCON","ENERGY (ENR)"
"455742.571095","3","2024","ENOFF","ENERGY (ENR)"
"821481.2206908449","3","2024","ENONS","ENERGY (ENR)"
"25337.2","3","2024","ENOTH","ENERGY (ENR)"
"638835.2590152858","3","2024","LIIND","LIFE (LIF)"
"19327.03341915758","3","2024","LISHT","LIFE (LIF)"
"260472.1393624373","3","2024","PRTOT","PROPERTY (PRO)"
"285771.12","3","2025","ENCON","ENERGY (ENR)"
"251425.893","3","2025","ENOFF","ENERGY (ENR)"
"1264309.0177265615","3","2025","ENONS","ENERGY (ENR)"
"1600.0","3","2025","ENOTH","ENERGY (ENR)"
"114314.62824992176","3","2025","LIIND","LIFE (LIF)"
"149594.4028263825","3","2025","PRTOT","PROPERTY (PRO)"
"5092.79215656","3","2026","ENOFF","ENERGY (ENR)"
"1102595.95","3","2026","ENONS","ENERGY (ENR)"
"109847.37065752939","3","2026","LIIND","LIFE (LIF)"
"0.0","3","2027","LIIND","LIFE (LIF)"
"52543.46","4","2017","DCBON","BONDS (BON)"
"505418.91664592875","4","2017","DCENR","ENERGY (ENR)"
"192493.81623375716","4","2017","DCFIL","FINANCIAL LINES (FIL)"
"169102.5542358361","4","2017","DCLIA","GENERAL LIABILITY (LIA)"
"379549.860656488","4","2017","DCMAR","MARINE (MAR)"
"37606.542174028975","4","2017","DCPRO","PROPERTY (PRO)"
"122103.8131227","4","2017","ENCON","ENERGY (ENR)"
"994047.8280222232","4","2017","ENOFF","ENERGY (ENR)"
"803485.2677669873","4","2017","ENONS","ENERGY (ENR)"
"7278.772817867941","4","2017","LISHT","LIFE (LIF)"
"116303.99798951205","4","2017","PRTOT","PROPERTY (PRO)"
"75346.5325080339","4","2018","DCBON","BONDS (BON)"
"8850.0","4","2018","DCENR","ENERGY (ENR)"
"410946.1001363382","4","2018","DCFIL","FINANCIAL LINES (FIL)"
"205747.01212037684","4","2018","DCLIA","GENERAL LIABILITY (LIA)"
"1161889.5386432083","4","2018","DCMAR","MARINE (MAR)"
"17717.68425","4","2018","DCPRO","PROPERTY (PRO)"
"10562.753208","4","2018","ENCON","ENERGY (ENR)"
"3146848.0157162603","4","2018","ENOFF","ENERGY (ENR)"
"2570687.7936471063","4","2018","ENONS","ENERGY (ENR)"
"81100.3593135305","4","2018","LISHT","LIFE (LIF)"
"629999.5139635998","4","2018","PRTOT","PROPERTY (PRO)"
"3022424.5390525274","4","2019","DCBON","BONDS (BON)"
"807510.5200920859","4","2019","DCFIL","FINANCIAL LINES (FIL)"
"1034360.5863544493","4","2019","DCMAR","MARINE (MAR)"
"3.7817835539376046","4","2019","DCPRO","PROPERTY (PRO)"
"2266942.202279559","4","2019","ENOFF","ENERGY (ENR)"
"4474023.445755086","4","2019","ENONS","ENERGY (ENR)"
"284743.0474211314","4","2019","LISHT","LIFE (LIF)"
"811698.9038651496","4","2019","PRTOT","PROPERTY (PRO)"
"897452.7365159593","4","2020","DCBON","BONDS (BON)"
"309956.34912819124","4","2020","DCFIL","FINANCIAL LINES (FIL)"
"692440.9231622037","4","2020","ENCON","ENERGY (ENR)"
"1524312.6429240059","4","2020","ENOFF","ENERGY (ENR)"
"4222721.87013124","4","2020","ENONS","ENERGY (ENR)"
"354653.51085283654","4","2020","LISHT","LIFE (LIF)"
"370554.4328933976","4","2020","PRTOT","PROPERTY (PRO)"
"483209.2058334424","4","2021","DCBON","BONDS (BON)"
"258386.33596639356","4","2021","DCFIL","FINANCIAL LINES (FIL)"
"1655784.8200651952","4","2021","DCMAR","MARINE (MAR)"
"2100647.26533073","4","2021","ENOFF","ENERGY (ENR)"
"2058113.3799880522","4","2021","ENONS","ENERGY (ENR)"
"351589.99","4","2021","ENOTH","ENERGY (ENR)"
"244869.17023712624","4","2021","LISHT","LIFE (LIF)"
"1295614.6777465234","4","2021","PRTOT","PROPERTY (PRO)"
"47551.89765816707","4","2022","DCBON","BONDS (BON)"
"169156.5428258235","4","2022","DCFIL","FINANCIAL LINES (FIL)"
"1582860.4474842304","4","2022","DCMAR","MARINE (MAR)"
"2149388.2624197993","4","2022","ENOFF","ENERGY (ENR)"
"2821471.922111847","4","2022","ENONS","ENERGY (ENR)"
"462540.092028","4","2022","ENOTH","ENERGY (ENR)"
"80223.81684652854","4","2022","LISHT","LIFE (LIF)"
"1580105.1333094826","4","2022","PRTOT","PROPERTY (PRO)"
"47882.693568251365","4","2023","DCBON","BONDS (BON)"
"496290.7619164582","4","2023","DCFIL","FINANCIAL LINES (FIL)"
"1307559.7874458847","4","2023","DCMAR","MARINE (MAR)"
"16602.33004824","4","2023","ENCON","ENERGY (ENR)"
"3069823.9026996274","4","2023","ENOFF","ENERGY (ENR)"
"2350300.55251166","4","2023","ENONS","ENERGY (ENR)"
"501120.4632","4","2023","ENOTH","ENERGY (ENR)"
"9776161.62096429","4","2023","LIIND","LIFE (LIF)"
"926071.4631722105","4","2023","LISHT","LIFE (LIF)"
"2366359.7843954703","4","2023","PRTOT","PROPERTY (PRO)"
"435383.685","4","2024","ENCON","ENERGY (ENR)"
"608499.0143343149","4","2024","ENOFF","ENERGY (ENR)"
"2455336.0894515724","4","2024","ENONS","ENERGY (ENR)"
"1620614.4685","4","2024","ENOTH","ENERGY (ENR)"
"5468375.291155481","4","2024","LIIND","LIFE (LIF)"
"2088739.417748711","4","2024","LISHT","LIFE (LIF)"
"1325202.8512330232","4","2024","PRTOT","PROPERTY (PRO)"
"649058.2374","4","2025","ENCON","ENERGY (ENR)"
"1700794.4152770578","4","2025","ENOFF","ENERGY (ENR)"
"4100786.1796268877","4","2025","ENONS","ENERGY (ENR)"
"396159.74782","4","2025","ENOTH","ENERGY (ENR)"
"464613.3448581643","4","2025","LIIND","LIFE (LIF)"
"339691.7536276414","4","2025","LISHT","LIFE (LIF)"
"479904.9953743029","4","2025","PRTOT","PROPERTY (PRO)"
"0.0","4","2026","ENOFF","ENERGY (ENR)"
"86970.58490680356","5","2017","DCBON","BONDS (BON)"
"12106.9435","5","2017","DCENR","ENERGY (ENR)"
"192885.9352880307","5","2017","DCFIL","FINANCIAL LINES (FIL)"
"46100.150446644","5","2017","DCMAR","MARINE (MAR)"
"584093.8263910895","5","2017","DCPRO","PROPERTY (PRO)"
"827820.4094392","5","2017","ENOFF","ENERGY (ENR)"
"1883178.0167171885","5","2017","ENONS","ENERGY (ENR)"
"4011.8806283164186","5","2017","PRTOT","PROPERTY (PRO)"
"282349.76943358046","5","2018","DCBON","BONDS (BON)"
"4610.4","5","2018","DCENR","ENERGY (ENR)"
"494250.3887967417","5","2018","DCFIL","FINANCIAL LINES (FIL)"
"52330.9457818487","5","2018","DCLIA","GENERAL LIABILITY (LIA)"
"139143.1186454284","5","2018","DCMAR","MARINE (MAR)"
"23662.325484625","5","2018","DCPRO","PROPERTY (PRO)"
"14899.897656","5","2018","ENCON","ENERGY (ENR)"
"103538.685622","5","2018","ENOFF","ENERGY (ENR)"
"651547.1732489713","5","2018","ENONS","ENERGY (ENR)"
"158496.8640306457","5","2018","PRTOT","PROPERTY (PRO)"
"1349051.785027389","5","2019","DCBON","BONDS (BON)"
"970054.2371672918","5","2019","DCFIL","FINANCIAL LINES (FIL)"
"382455.12139049993","5","2019","DCMAR","MARINE (MAR)"
"697917.31229333","5","2019","ENCON","ENERGY (ENR)"
"1603989.90874132","5","2019","ENOFF","ENERGY (ENR)"
"2954438.112560254","5","2019","ENONS","ENERGY (ENR)"
"165449.27616079323","5","2019","PRTOT","PROPERTY (PRO)"
"362333.4973913431","5","2020","DCBON","BONDS (BON)"
"623923.1303382848","5","2020","DCFIL","FINANCIAL LINES (FIL)"
"7180.8","5","2020","DCMAR","MARINE (MAR)"
"2203248.426071805","5","2020","ENOFF","ENERGY (ENR)"
"3788049.5535077574","5","2020","ENONS","ENERGY (ENR)"
"125230.88805444386","5","2020","PRTOT","PROPERTY (PRO)"
"423931.5366639131","5","2021","DCBON","BONDS (BON)"
"1064852.644162269","5","2021","DCFIL","FINANCIAL LINES (FIL)"
"75978.63994653689","5","2021","DCLIA","GENERAL LIABILITY (LIA)"
"295178.9717017906","5","2021","DCMAR","MARINE (MAR)"
"875903.589167546","5","2021","ENCON","ENERGY (ENR)"
"2678736.0377391116","5","2021","ENOFF","ENERGY (ENR)"
"4194787.940191572","5","2021","ENONS","ENERGY (ENR)"
"309257.63253136014","5","2021","PRTOT","PROPERTY (PRO)"
"43159.68037500801","5","2022","DCBON","BONDS (BON)"
"239716.07318571833","5","2022","DCFIL","FINANCIAL LINES (FIL)"
"1098632.1493297683","5","2022","DCLIA","GENERAL LIABILITY (LIA)"
"214955.98021395897","5","2022","DCMAR","MARINE (MAR)"
"1419218.1620228228","5","2022","ENOFF","ENERGY (ENR)"
"4340982.856170213","5","2022","ENONS","ENERGY (ENR)"
"53135.4","5","2022","ENOTH","ENERGY (ENR)"
"267428.89840446936","5","2022","PRTOT","PROPERTY (PRO)"
"39030.97030036597","5","2023","DCBON","BONDS (BON)"
"487747.0781594019","5","2023","DCFIL","FINANCIAL LINES (FIL)"
"1476747.0770186998","5","2023","DCLIA","GENERAL LIABILITY (LIA)"
"369792.4682962175","5","2023","DCMAR","MARINE (MAR)"
"264374.14564966","5","2023","ENCON","ENERGY (ENR)"
"1808203.045000337","5","2023","ENOFF","ENERGY (ENR)"
"5451267.044742661","5","2023","ENONS","ENERGY (ENR)"
"116817.58006667","5","2023","ENOTH","ENERGY (ENR)"
"7422350.071428807","5","2023","LIIND","LIFE (LIF)"
"692545.9467745497","5","2023","PRTOT","PROPERTY (PRO)"
"1361695.225","5","2024","ENCON","ENERGY (ENR)"
"1107929.4061792162","5","2024","ENOFF","ENERGY (ENR)"
"4691725.371083785","5","2024","ENONS","ENERGY (ENR)"
"306842.8555951188","5","2024","ENOTH","ENERGY (ENR)"
"1748372.817707549","5","2024","LIIND","LIFE (LIF)"
"447914.99823553103","5","2024","PRTOT","PROPERTY (PRO)"
"350000.0","5","2025","DCFRO","FRONTED (FRO)"
"331682.165","5","2025","ENCON","ENERGY (ENR)"
"301429.9875","5","2025","ENOFF","ENERGY (ENR)"
"4160006.3840857265","5","2025","ENONS","ENERGY (ENR)"
"519811.77541605645","5","2025","ENOTH","ENERGY (ENR)"
"2248602.8005992277","5","2025","LIIND","LIFE (LIF)"
"34378.24245888207","5","2025","LISHT","LIFE (LIF)"
"488961.12869493885","5","2025","PRTOT","PROPERTY (PRO)"
"28486.283755182623","6","2017","DCENR","ENERGY (ENR)"
"328538.09562800964","6","2017","DCFIL","FINANCIAL LINES (FIL)"
"221446.01995343223","6","2017","DCLIA","GENERAL LIABILITY (LIA)"
"57992.908861016454","6","2017","DCPRO","PROPERTY (PRO)"
"50604.12884856","6","2017","ENCON","ENERGY (ENR)"
"6073046.442049326","6","2017","ENOFF","ENERGY (ENR)"
"531910.8683199093","6","2017","ENONS","ENERGY (ENR)"
"34496.499785533866","6","2017","PRTOT","PROPERTY (PRO)"
"108282.19396669377","6","2018","DCBON","BONDS (BON)"
"473821.96737862384","6","2018","DCFIL","FINANCIAL LINES (FIL)"
"169179.03616437057","6","2018","DCLIA","GENERAL LIABILITY (LIA)"
"372099.9780504107","6","2018","DCMAR","MARINE (MAR)"
"113364.41135339494","6","2018","DCPRO","PROPERTY (PRO)"
"119361.61106865","6","2018","ENCON","ENERGY (ENR)"
"5774600.836333652","6","2018","ENOFF","ENERGY (ENR)"
"393601.45696396375","6","2018","ENONS","ENERGY (ENR)"
"41242.96488199356","6","2018","LISHT","LIFE (LIF)"
"850837.1133634555","6","2018","PRTOT","PROPERTY (PRO)"
"469726.4524242798","6","2019","DCBON","BONDS (BON)"
"555280.5758769059","6","2019","DCFIL","FINANCIAL LINES (FIL)"
"954305.56728872","6","2019","DCMAR","MARINE (MAR)"
"254785.73948187765","6","2019","DCPRO","PROPERTY (PRO)"
"105915.360985","6","2019","ENCON","ENERGY (ENR)"
"10655036.913145455","6","2019","ENOFF","ENERGY (ENR)"
"3063125.790466771","6","2019","ENONS","ENERGY (ENR)"
"907686.874442082","6","2019","PRTOT","PROPERTY (PRO)"
"243707.09536686083","6","2020","DCBON","BONDS (BON)"
"666860.334105925","6","2020","DCFIL","FINANCIAL LINES (FIL)"
"73140.52948273024","6","2020","DCPRO","PROPERTY (PRO)"
"125206.55437279084","6","2020","ENCON","ENERGY (ENR)"
"8380220.819751166","6","2020","ENOFF","ENERGY (ENR)"
"4229784.142365333","6","2020","ENONS","ENERGY (ENR)"
"350350.0","6","2020","ENOTH","ENERGY (ENR)"
"406342.69143863814","6","2020","PRTOT","PROPERTY (PRO)"
"320715.1027558328","6","2021","DCBON","BONDS (BON)"
"1084452.3405049401","6","2021","DCFIL","FINANCIAL LINES (FIL)"
"598885.6637383456","6","2021","DCMAR","MARINE (MAR)"
"70126.6122312145","6","2021","DCPRO","PROPERTY (PRO)"
"8011249.505539975","6","2021","ENOFF","ENERGY (ENR)"
"1632098.2577344","6","2021","ENONS","ENERGY (ENR)"
"868155.9536108068","6","2021","PRTOT","PROPERTY (PRO)"
"37161.423426530855","6","2022","DCBON","BONDS (BON)"
"302307.469660247","6","2022","DCFIL","FINANCIAL LINES (FIL)"
"140861.68026486775","6","2022","DCMAR","MARINE (MAR)"
"2112697.0206879806","6","2022","DCPRO","PROPERTY (PRO)"
"614685.24701988","6","2022","ENCON","ENERGY (ENR)"
"5975021.676953891","6","2022","ENOFF","ENERGY (ENR)"
"4617627.54250172","6","2022","ENONS","ENERGY (ENR)"
"42457.1250432","6","2022","ENOTH","ENERGY (ENR)"
"4975884.941836518","6","2022","LIIND","LIFE (LIF)"
"182031.23683762795","6","2022","PRTOT","PROPERTY (PRO)"
"26428.348890995865","6","2023","DCBON","BONDS (BON)"
"486893.81380842","6","2023","DCFIL","FINANCIAL LINES (FIL)"
"320255.29212128755","6","2023","DCMAR","MARINE (MAR)"
"791949.127494548","6","2023","DCPRO","PROPERTY (PRO)"
"213790.849","6","2023","ENCON","ENERGY (ENR)"
"5903478.629311637","6","2023","ENOFF","ENERGY (ENR)"
"5027535.722969302","6","2023","ENONS","ENERGY (ENR)"
"694263.7917278267","6","2023","ENOTH","ENERGY (ENR)"
"11762994.110999672","6","2023","LIIND","LIFE (LIF)"
"4910608.110258032","6","2023","LISHT","LIFE (LIF)"
"2363534.1464164616","6","2023","PRTOT","PROPERTY (PRO)"
"499388.73","6","2024","ENCON","ENERGY (ENR)"
"16305932.681838991","6","2024","ENOFF","ENERGY (ENR)"
"4930283.714316473","6","2024","ENONS","ENERGY (ENR)"
"546377.58451","6","2024","ENOTH","ENERGY (ENR)"
"9773236.076298846","6","2024","LIIND","LIFE (LIF)"
"2746492.3914884906","6","2024","LIMED","LIFE (LIF)"
"2276061.0930666667","6","2024","LISHT","LIFE (LIF)"
"963249.728526056","6","2024","PRTOT","PROPERTY (PRO)"
"87132.6941","6","2025","ENCON","ENERGY (ENR)"
"8487067.78068324","6","2025","ENOFF","ENERGY (ENR)"
"5578076.614898241","6","2025","ENONS","ENERGY (ENR)"
"483760.97758","6","2025","ENOTH","ENERGY (ENR)"
"11796564.361042168","6","2025","LIIND","LIFE (LIF)"
"4817203.573333333","6","2025","LISHT","LIFE (LIF)"
"399191.1483702228","6","2025","PRTOT","PROPERTY (PRO)"
"0.00008232969215052188","7","2016","PRTOT","PROPERTY (PRO)"
"3313.253977700352","7","2017","DCBON","BONDS (BON)"
"392875.0","7","2017","DCENR","ENERGY (ENR)"
"435189.1478411683","7","2017","DCFIL","FINANCIAL LINES (FIL)"
"33649.47227709761","7","2017","DCLIA","GENERAL LIABILITY (LIA)"
"2970.0","7","2017","DCMAR","MARINE (MAR)"
"2937461.1080038254","7","2017","ENOFF","ENERGY (ENR)"
"776698.1144047742","7","2017","ENONS","ENERGY (ENR)"
"3825.421380915271","7","2017","LISHT","LIFE (LIF)"
"256644.44091052862","7","2017","PRTOT","PROPERTY (PRO)"
"146902.44181661913","7","2018","DCBON","BONDS (BON)"
"1098902.5596081403","7","2018","DCFIL","FINANCIAL LINES (FIL)"
"12446.715170664731","7","2018","DCLIA","GENERAL LIABILITY (LIA)"
"858899.7983651463","7","2018","DCMAR","MARINE (MAR)"
"8228.0","7","2018","DCPRO","PROPERTY (PRO)"
"7440.4114519","7","2018","ENCON","ENERGY (ENR)"
"725621.6458066939","7","2018","ENOFF","ENERGY (ENR)"
"1050863.9346672643","7","2018","ENONS","ENERGY (ENR)"
"3787017.294781132","7","2018","LISHT","LIFE (LIF)"
"482911.27466960583","7","2018","PRTOT","PROPERTY (PRO)"
"826924.2856821559","7","2019","DCBON","BONDS (BON)"
"1737384.3118802025","7","2019","DCFIL","FINANCIAL LINES (FIL)"
"34795.76654465429","7","2019","DCLIA","GENERAL LIABILITY (LIA)"
"125554.92954992244","7","2019","DCMAR","MARINE (MAR)"
"131029.25062034948","7","2019","DCPRO","PROPERTY (PRO)"
"1261950.4937249622","7","2019","ENOFF","ENERGY (ENR)"
"2636870.555697512","7","2019","ENONS","ENERGY (ENR)"
"3539.240672","7","2019","ENOTH","ENERGY (ENR)"
"1720529.4158280368","7","2019","LISHT","LIFE (LIF)"
"759591.7374949484","7","2019","PRTOT","PROPERTY (PRO)"
"317981.61588940583","7","2020","DCBON","BONDS (BON)"
"903454.9810964771","7","2020","DCFIL","FINANCIAL LINES (FIL)"
"59894.719873993025","7","2020","DCLIA","GENERAL LIABILITY (LIA)"
"23364.0","7","2020","DCMAR","MARINE (MAR)"
"670915.7765323904","7","2020","ENCON","ENERGY (ENR)"
"2039945.189823835","7","2020","ENOFF","ENERGY (ENR)"
"3198287.9966048463","7","2020","ENONS","ENERGY (ENR)"
"836633.9535335322","7","2020","LISHT","LIFE (LIF)"
"470370.50136148016","7","2020","PRTOT","PROPERTY (PRO)"
"574220.2355497763","7","2021","DCBON","BONDS (BON)"
"1180873.9061900035","7","2021","DCFIL","FINANCIAL LINES (FIL)"
"21583.096620766402","7","2021","DCLIA","GENERAL LIABILITY (LIA)"
"887775.5560836282","7","2021","DCMAR","MARINE (MAR)"
"2568704.915087273","7","2021","ENOFF","ENERGY (ENR)"
"1816312.37624","7","2021","ENONS","ENERGY (ENR)"
"25481709.587624557","7","2021","LISHT","LIFE (LIF)"
"1326147.5843696776","7","2021","PRTOT","PROPERTY (PRO)"
"4905.8554371722275","7","2022","DCBON","BONDS (BON)"
"457534.5660835406","7","2022","DCFIL","FINANCIAL LINES (FIL)"
"770411.287575959","7","2022","DCMAR","MARINE (MAR)"
"0.0000040","7","2022","ENCON","ENERGY (ENR)"
"1082329.0501110675","7","2022","ENOFF","ENERGY (ENR)"
"2428530.5357315","7","2022","ENONS","ENERGY (ENR)"
"5212619.676793568","7","2022","LISHT","LIFE (LIF)"
"539489.8283306035","7","2022","PRTOT","PROPERTY (PRO)"
"3006.4007360692763","7","2023","DCBON","BONDS (BON)"
"708810.5072275472","7","2023","DCFIL","FINANCIAL LINES (FIL)"
"36831.34841807802","7","2023","DCMAR","MARINE (MAR)"
"524593.7294703755","7","2023","ENCON","ENERGY (ENR)"
"1254357.10784139","7","2023","ENOFF","ENERGY (ENR)"
"5047027.71036311","7","2023","ENONS","ENERGY (ENR)"
"240594.8121546733","7","2023","LISHT","LIFE (LIF)"
"2333479.9092696332","7","2023","PRTOT","PROPERTY (PRO)"
"1336625.46","7","2024","ENCON","ENERGY (ENR)"
"268006.190669","7","2024","ENOFF","ENERGY (ENR)"
"3596354.2858403884","7","2024","ENONS","ENERGY (ENR)"
"2434367.5215413556","7","2024","ENOTH","ENERGY (ENR)"
"125298.43611172307","7","2024","LIIND","LIFE (LIF)"
"7841782.621828995","7","2024","LISHT","LIFE (LIF)"
"1195482.4325878094","7","2024","PRTOT","PROPERTY (PRO)"
"332233.8417952335","7","2025","ENOFF","ENERGY (ENR)"
"4164859.241790797","7","2025","ENONS","ENERGY (ENR)"
"2535378.1891509695","7","2025","ENOTH","ENERGY (ENR)"
"476293.21195631224","7","2025","LIIND","LIFE (LIF)"
"458030.0091282903","7","2025","PRTOT","PROPERTY (PRO)"
"97189.80443572118","8","2017","DCENR","ENERGY (ENR)"
"165602.5850074111","8","2017","DCFIL","FINANCIAL LINES (FIL)"
"52211.784759592905","8","2017","DCLIA","GENERAL LIABILITY (LIA)"
"104728.123108","8","2017","ENCON","ENERGY (ENR)"
"102709.70037","8","2017","ENOFF","ENERGY (ENR)"
"281436.737","8","2017","ENONS","ENERGY (ENR)"
"34089.83180995345","8","2017","PRTOT","PROPERTY (PRO)"
"177917.04608798565","8","2018","DCBON","BONDS (BON)"
"325826.09345423325","8","2018","DCFIL","FINANCIAL LINES (FIL)"
"12046.45617218586","8","2018","DCLIA","GENERAL LIABILITY (LIA)"
"307369.920200993","8","2018","DCMAR","MARINE (MAR)"
"76668.13996953","8","2018","ENCON","ENERGY (ENR)"
"96937.68532143","8","2018","ENOFF","ENERGY (ENR)"
"33663.7444150743","8","2018","ENONS","ENERGY (ENR)"
"4154.317552870817","8","2018","LIMLT","LIFE (LIF)"
"107077.35","8","2018","LISHT","LIFE (LIF)"
"124447.77419782744","8","2018","PRTOT","PROPERTY (PRO)"
"457522.0983778731","8","2019","DCBON","BONDS (BON)"
"422924.0198827581","8","2019","DCFIL","FINANCIAL LINES (FIL)"
"69242.4583889302","8","2019","DCLIA","GENERAL LIABILITY (LIA)"
"257171.44900369222","8","2019","DCMAR","MARINE (MAR)"
"80277.957657592","8","2019","DCPRO","PROPERTY (PRO)"
"90112.69156","8","2019","ENCON","ENERGY (ENR)"
"62306.28247256","8","2019","ENOFF","ENERGY (ENR)"
"65819.473","8","2019","ENONS","ENERGY (ENR)"
"487253.0570236984","8","2019","LISHT","LIFE (LIF)"
"126580.43100011359","8","2019","PRTOT","PROPERTY (PRO)"
"479676.8939562688","8","2020","DCBON","BONDS (BON)"
"542331.9512288256","8","2020","DCFIL","FINANCIAL LINES (FIL)"
"69871.8019466683","8","2020","DCLIA","GENERAL LIABILITY (LIA)"
"29375.4","8","2020","DCMAR","MARINE (MAR)"
"79082.59228545","8","2020","ENCON","ENERGY (ENR)"
"327052.90618192","8","2020","ENOFF","ENERGY (ENR)"
"2440419.16442","8","2020","ENONS","ENERGY (ENR)"
"1000820.5981232752","8","2020","LISHT","LIFE (LIF)"
"690026.0488280348","8","2021","DCBON","BONDS (BON)"
"582912.2292034103","8","2021","DCFIL","FINANCIAL LINES (FIL)"
"307494.7505","8","2021","DCMAR","MARINE (MAR)"
"181246.48586172087","8","2021","ENOFF","ENERGY (ENR)"
"2358454.30744","8","2021","ENONS","ENERGY (ENR)"
"2239.786159095105","8","2021","LISHT","LIFE (LIF)"
"84007.06760388013","8","2021","PRTOT","PROPERTY (PRO)"
"102673.8984828378","8","2022","DCBON","BONDS (BON)"
"215904.0834323919","8","2022","DCFIL","FINANCIAL LINES (FIL)"
"1798095.0367859083","8","2022","DCLIA","GENERAL LIABILITY (LIA)"
"348826.259183","8","2022","DCMAR","MARINE (MAR)"
"1132998.9886172","8","2022","ENCON","ENERGY (ENR)"
"570708.6138661666","8","2022","ENOFF","ENERGY (ENR)"
"2142924.23379334","8","2022","ENONS","ENERGY (ENR)"
"1223.2582772081755","8","2022","LISHT","LIFE (LIF)"
"6282.242301521533","8","2022","PRTOT","PROPERTY (PRO)"
"98988.8573074704","8","2023","DCBON","BONDS (BON)"
"287770.97039125","8","2023","DCFIL","FINANCIAL LINES (FIL)"
"38514.68","8","2023","DCMAR","MARINE (MAR)"
"53052.12121929","8","2023","ENOFF","ENERGY (ENR)"
"1750052.8108","8","2023","ENONS","ENERGY (ENR)"
"54611.529604983596","8","2023","LISHT","LIFE (LIF)"
"210969.75925569815","8","2023","PRTOT","PROPERTY (PRO)"
"898532.89812","8","2024","ENCON","ENERGY (ENR)"
"2409.7073","8","2024","ENOFF","ENERGY (ENR)"
"1825782.0661089","8","2024","ENONS","ENERGY (ENR)"
"118821.22806414892","8","2024","LIIND","LIFE (LIF)"
"133845.30077126255","8","2024","LISHT","LIFE (LIF)"
"35049.2235214127","8","2024","PRTOT","PROPERTY (PRO)"
"71321.674067","8","2025","ENCON","ENERGY (ENR)"
"422331.347912","8","2025","ENOFF","ENERGY (ENR)"
"1039742.89534","8","2025","ENONS","ENERGY (ENR)"
"207142.62792904425","8","2025","ENOTH","ENERGY (ENR)"
"143075.32052137406","8","2025","LISHT","LIFE (LIF)"
"43101.67340154229","8","2025","PRTOT","PROPERTY (PRO)"
"70717.09","9","2017","DCENR","ENERGY (ENR)"
"222508.6886690216","9","2017","DCFIL","FINANCIAL LINES (FIL)"
"282322.2748433607","9","2017","DCLIA","GENERAL LIABILITY (LIA)"
"1247.78","9","2017","DCMAR","MARINE (MAR)"
"10604.250961664726","9","2017","DCPRO","PROPERTY (PRO)"
"66592.5262798","9","2017","ENOFF","ENERGY (ENR)"
"244747.0875","9","2017","ENONS","ENERGY (ENR)"
"5415.2456638186295","9","2017","LISHT","LIFE (LIF)"
"114513.08074409606","9","2017","PRTOT","PROPERTY (PRO)"
"246818.24902839924","9","2018","DCBON","BONDS (BON)"
"447665.6554337525","9","2018","DCFIL","FINANCIAL LINES (FIL)"
"325935.88989205786","9","2018","DCLIA","GENERAL LIABILITY (LIA)"
"8824.798602828694","9","2018","DCMAR","MARINE (MAR)"
"161789.150916","9","2018","ENCON","ENERGY (ENR)"
"114610.6473964","9","2018","ENOFF","ENERGY (ENR)"
"746333.954512072","9","2018","ENONS","ENERGY (ENR)"
"123948.8994738372","9","2018","LISHT","LIFE (LIF)"
"274514.3932971468","9","2018","PRTOT","PROPERTY (PRO)"
"651633.8514413945","9","2019","DCBON","BONDS (BON)"
"970356.4047121949","9","2019","DCFIL","FINANCIAL LINES (FIL)"
"211766.01510187917","9","2019","DCLIA","GENERAL LIABILITY (LIA)"
"206369.39461602626","9","2019","DCMAR","MARINE (MAR)"
"65015.89670889779","9","2019","DCPRO","PROPERTY (PRO)"
"293996.75044703","9","2019","ENOFF","ENERGY (ENR)"
"1483265.4425647808","9","2019","ENONS","ENERGY (ENR)"
"28022.4351","9","2019","ENOTH","ENERGY (ENR)"
"130308.00977489477","9","2019","LISHT","LIFE (LIF)"
"422306.3169839016","9","2019","PRTOT","PROPERTY (PRO)"
"610863.1731621756","9","2020","DCBON","BONDS (BON)"
"514200.4927819248","9","2020","DCFIL","FINANCIAL LINES (FIL)"
"260297.45357532016","9","2020","DCLIA","GENERAL LIABILITY (LIA)"
"54213.10789844852","9","2020","DCMAR","MARINE (MAR)"
"103247.62494953671","9","2020","DCPRO","PROPERTY (PRO)"
"553121.2562507","9","2020","ENOFF","ENERGY (ENR)"
"2135488.4437121963","9","2020","ENONS","ENERGY (ENR)"
"289757.72","9","2020","ENOTH","ENERGY (ENR)"
"17497.15501809704","9","2020","LISHT","LIFE (LIF)"
"632860.6455133051","9","2020","PRTOT","PROPERTY (PRO)"
"2060500.7968291317","9","2021","DCBON","BONDS (BON)"
"571531.6865107799","9","2021","DCFIL","FINANCIAL LINES (FIL)"
"129719.4708790126","9","2021","DCLIA","GENERAL LIABILITY (LIA)"
"313420.12005615473","9","2021","DCMAR","MARINE (MAR)"
"600.3709919017109","9","2021","DCPRO","PROPERTY (PRO)"
"363554.6856182731","9","2021","ENOFF","ENERGY (ENR)"
"1998242.5625551257","9","2021","ENONS","ENERGY (ENR)"
"571985.7652070965","9","2021","LISHT","LIFE (LIF)"
"794839.093468023","9","2021","PRTOT","PROPERTY (PRO)"
"166891.21589053713","9","2022","DCFIL","FINANCIAL LINES (FIL)"
"1711615.403175919","9","2022","DCLIA","GENERAL LIABILITY (LIA)"
"250447.9480259848","9","2022","DCMAR","MARINE (MAR)"
"15844.5572077999","9","2022","DCPRO","PROPERTY (PRO)"
"136798.14110789","9","2022","ENOFF","ENERGY (ENR)"
"3960917.24006803","9","2022","ENONS","ENERGY (ENR)"
"305106.18","9","2022","LISHT","LIFE (LIF)"
"799161.6298525743","9","2022","PRTOT","PROPERTY (PRO)"
"277692.8745118553","9","2023","DCFIL","FINANCIAL LINES (FIL)"
"143191.41829663963","9","2023","DCMAR","MARINE (MAR)"
"403427.7066001778","9","2023","DCPRO","PROPERTY (PRO)"
"232235.94","9","2023","ENCON","ENERGY (ENR)"
"242331.46823751","9","2023","ENOFF","ENERGY (ENR)"
"1789308.011049042","9","2023","ENONS","ENERGY (ENR)"
"506770.6680211576","9","2023","LISHT","LIFE (LIF)"
"1949294.6905427708","9","2023","PRTOT","PROPERTY (PRO)"
"123680.74301","9","2024","ENCON","ENERGY (ENR)"
"26365.08556344","9","2024","ENOFF","ENERGY (ENR)"
"936949.7778005465","9","2024","ENONS","ENERGY (ENR)"
"6250.0","9","2024","ENOTH","ENERGY (ENR)"
"209244.904480632","9","2024","LIIND","LIFE (LIF)"
"1001018.3968877188","9","2024","PRTOT","PROPERTY (PRO)"
"0.0","9","2025","ENOFF","ENERGY (ENR)"
"389415.1193049425","9","2025","ENONS","ENERGY (ENR)"
"55690.2","9","2025","ENOTH","ENERGY (ENR)"
"168307.18423227937","9","2025","LIIND","LIFE (LIF)"
"137460.60830869418","9","2025","PRTOT","PROPERTY (PRO)"
"459144.396472907","10","2017","DCENR","ENERGY (ENR)"
"453843.1973325823","10","2017","DCFIL","FINANCIAL LINES (FIL)"
"51727.5","10","2017","DCLIA","GENERAL LIABILITY (LIA)"
"136024.62991876525","10","2017","DCMAR","MARINE (MAR)"
"74424.978096","10","2017","ENCON","ENERGY (ENR)"
"196926.49648202","10","2017","ENOFF","ENERGY (ENR)"
"110511.75","10","2017","ENONS","ENERGY (ENR)"
"3751.742979452826","10","2017","LISHT","LIFE (LIF)"
"269454.139539797","10","2017","PRTOT","PROPERTY (PRO)"
"36804.606012178854","10","2018","DCBON","BONDS (BON)"
"935817.9833261457","10","2018","DCFIL","FINANCIAL LINES (FIL)"
"45763.89560615631","10","2018","DCLIA","GENERAL LIABILITY (LIA)"
"735626.2145896644","10","2018","DCMAR","MARINE (MAR)"
"1578213.6748331517","10","2018","ENOFF","ENERGY (ENR)"
"306010.85","10","2018","ENONS","ENERGY (ENR)"
"6583.037295770656","10","2018","LISHT","LIFE (LIF)"
"523847.6008986964","10","2018","PRTOT","PROPERTY (PRO)"
"914994.4040891087","10","2019","DCBON","BONDS (BON)"
"691723.1556216262","10","2019","DCFIL","FINANCIAL LINES (FIL)"
"522318.02465665224","10","2019","DCMAR","MARINE (MAR)"
"303009.937856","10","2019","ENOFF","ENERGY (ENR)"
"1796254.886","10","2019","ENONS","ENERGY (ENR)"
"3685.7695783919885","10","2019","LISHT","LIFE (LIF)"
"1310976.7138731536","10","2019","PRTOT","PROPERTY (PRO)"
"492282.887872128","10","2020","DCBON","BONDS (BON)"
"1581139.265192273","10","2020","DCFIL","FINANCIAL LINES (FIL)"
"398962.75641960837","10","2020","DCMAR","MARINE (MAR)"
"448580.7792393645","10","2020","ENOFF","ENERGY (ENR)"
"1690444.48728753","10","2020","ENONS","ENERGY (ENR)"
"869551.0468991713","10","2020","PRTOT","PROPERTY (PRO)"
"763229.3045569398","10","2021","DCBON","BONDS (BON)"
"1682468.4066899915","10","2021","DCFIL","FINANCIAL LINES (FIL)"
"198971.882064981","10","2021","DCMAR","MARINE (MAR)"
"3842.95984015","10","2021","ENCON","ENERGY (ENR)"
"413801.5000244788","10","2021","ENOFF","ENERGY (ENR)"
"1316761.395","10","2021","ENONS","ENERGY (ENR)"
"183563.1284340659","10","2021","LISHT","LIFE (LIF)"
"1104144.5977048373","10","2021","PRTOT","PROPERTY (PRO)"
"29450.168608124357","10","2022","DCBON","BONDS (BON)"
"464360.8724438442","10","2022","DCFIL","FINANCIAL LINES (FIL)"
"155657.49599999998","10","2022","DCMAR","MARINE (MAR)"
"57667.56552","10","2022","ENCON","ENERGY (ENR)"
"821303.06600437","10","2022","ENOFF","ENERGY (ENR)"
"2138670.466492","10","2022","ENONS","ENERGY (ENR)"
"962468.558879271","10","2022","PRTOT","PROPERTY (PRO)"
"31579.51722412398","10","2023","DCBON","BONDS (BON)"
"513903.61337732035","10","2023","DCFIL","FINANCIAL LINES (FIL)"
"206552.03966666668","10","2023","DCMAR","MARINE (MAR)"
"299453.41704312","10","2023","ENOFF","ENERGY (ENR)"
"2299505.4615118415","10","2023","ENONS","ENERGY (ENR)"
"63669.19234057","10","2023","ENOTH","ENERGY (ENR)"
"1297674.3094165602","10","2023","PRTOT","PROPERTY (PRO)"
"355787.745","10","2024","ENCON","ENERGY (ENR)"
"1079969.7456992","10","2024","ENOFF","ENERGY (ENR)"
"1905261.3732345293","10","2024","ENONS","ENERGY (ENR)"
"283742.7348842","10","2024","ENOTH","ENERGY (ENR)"
"5297704.197927623","10","2024","LIIND","LIFE (LIF)"
"1475702.4435014594","10","2024","PRTOT","PROPERTY (PRO)"
"78321.775","10","2025","ENCON","ENERGY (ENR)"
"837004.12582115","10","2025","ENOFF","ENERGY (ENR)"
"891067.570383404","10","2025","ENONS","ENERGY (ENR)"
"489858.9636051827","10","2025","ENOTH","ENERGY (ENR)"
"8783903.767491931","10","2025","LIIND","LIFE (LIF)"
"420768.5589247863","10","2025","PRTOT","PROPERTY (PRO)"
"4737449.302249364","10","2026","LIIND","LIFE (LIF)"
"35056.31937104364","11","2016","DCFIL","FINANCIAL LINES (FIL)"
"415010.4832489873","11","2016","DCLIA","GENERAL LIABILITY (LIA)"
"179436.9275","11","2017","DCENR","ENERGY (ENR)"
"471912.2082051054","11","2017","DCFIL","FINANCIAL LINES (FIL)"
"22064.64437728653","11","2017","DCLIA","GENERAL LIABILITY (LIA)"
"53681.4952","11","2017","DCMAR","MARINE (MAR)"
"1.6967432322708589","11","2017","DCPRO","PROPERTY (PRO)"
"55130.890259582295","11","2017","DCSPE","SPECIALITY RISKS (SPE)"
"413062.46363645204","11","2017","ENOFF","ENERGY (ENR)"
"922348.9186611485","11","2017","PRTOT","PROPERTY (PRO)"
"1505857.777549415","11","2018","DCBON","BONDS (BON)"
"749912.6390151085","11","2018","DCFIL","FINANCIAL LINES (FIL)"
"49179.99952056375","11","2018","DCMAR","MARINE (MAR)"
"668843.4021595","11","2018","ENCON","ENERGY (ENR)"
"513965.483503945","11","2018","ENOFF","ENERGY (ENR)"
"2304163.34753","11","2018","ENONS","ENERGY (ENR)"
"4964.324133347847","11","2018","LISHT","LIFE (LIF)"
"945178.8030757521","11","2018","PRTOT","PROPERTY (PRO)"
"345774.24608437665","11","2019","DCBON","BONDS (BON)"
"337508.6561840233","11","2019","DCFIL","FINANCIAL LINES (FIL)"
"185091.27016822618","11","2019","DCMAR","MARINE (MAR)"
"16960.9605","11","2019","ENCON","ENERGY (ENR)"
"538899.7614889102","11","2019","ENOFF","ENERGY (ENR)"
"1653136.6605739","11","2019","ENONS","ENERGY (ENR)"
"6861.86918024809","11","2019","LISHT","LIFE (LIF)"
"470136.621898703","11","2019","PRTOT","PROPERTY (PRO)"
"6297296.726697176","11","2020","DCBON","BONDS (BON)"
"1196980.6847747585","11","2020","DCFIL","FINANCIAL LINES (FIL)"
"179895.77938292295","11","2020","DCMAR","MARINE (MAR)"
"530914.3643175772","11","2020","ENOFF","ENERGY (ENR)"
"3075287.091842367","11","2020","ENONS","ENERGY (ENR)"
"581869.5","11","2020","ENOTH","ENERGY (ENR)"
"238038.3537473832","11","2020","PRTOT","PROPERTY (PRO)"
"1573489.4415749277","11","2021","DCBON","BONDS (BON)"
"970760.7603271519","11","2021","DCFIL","FINANCIAL LINES (FIL)"
"0.5657931640463001","11","2021","DCLIA","GENERAL LIABILITY (LIA)"
"256066.0072112843","11","2021","DCMAR","MARINE (MAR)"
"178136.706848541","11","2021","ENCON","ENERGY (ENR)"
"740253.6984012161","11","2021","ENOFF","ENERGY (ENR)"
"4086030.15092393","11","2021","ENONS","ENERGY (ENR)"
"496928.125","11","2021","ENOTH","ENERGY (ENR)"
"310184.0910523637","11","2021","PRTOT","PROPERTY (PRO)"
"150167.24827041462","11","2022","DCBON","BONDS (BON)"
"697757.463142826","11","2022","DCFIL","FINANCIAL LINES (FIL)"
"28236.4","11","2022","DCMAR","MARINE (MAR)"
"44303.92461603","11","2022","ENCON","ENERGY (ENR)"
"600946.43155136","11","2022","ENOFF","ENERGY (ENR)"
"3855910.11263507","11","2022","ENONS","ENERGY (ENR)"
"675220.96","11","2022","ENOTH","ENERGY (ENR)"
"980721.0394139207","11","2022","LIIND","LIFE (LIF)"
"120007.26215586787","11","2022","PRTOT","PROPERTY (PRO)"
"60891.83964327184","11","2023","DCBON","BONDS (BON)"
"325065.8252705496","11","2023","DCFIL","FINANCIAL LINES (FIL)"
"842230.882765","11","2023","ENOFF","ENERGY (ENR)"
"4602711.624688794","11","2023","ENONS","ENERGY (ENR)"
"379659.25","11","2023","ENOTH","ENERGY (ENR)"
"217428.20627173682","11","2023","LIIND","LIFE (LIF)"
"6806.568831776618","11","2023","LISHT","LIFE (LIF)"
"480254.6628477184","11","2023","PRTOT","PROPERTY (PRO)"
"39678.63","11","2024","ENCON","ENERGY (ENR)"
"415348.825","11","2024","ENOFF","ENERGY (ENR)"
"2630659.6928375154","11","2024","ENONS","ENERGY (ENR)"
"490373.24","11","2024","ENOTH","ENERGY (ENR)"
"67023.59783068675","11","2024","LIMED","LIFE (LIF)"
"6612.6128337924365","11","2024","LISHT","LIFE (LIF)"
"229615.74918264293","11","2024","PRTOT","PROPERTY (PRO)"
"160964.65","11","2025","ENCON","ENERGY (ENR)"
"581719.8006","11","2025","ENOFF","ENERGY (ENR)"
"3410835.3879","11","2025","ENONS","ENERGY (ENR)"
"331017.7454","11","2025","ENOTH","ENERGY (ENR)"
"7972575.355340824","11","2025","LIIND","LIFE (LIF)"
"231721.26651266255","11","2025","LISHT","LIFE (LIF)"
"81569.13590534311","11","2025","PRTOT","PROPERTY (PRO)"
"7645956.519537424","11","2026","LIIND","LIFE (LIF)"
"249545.61725235972","12","2016","DCBON","BONDS (BON)"
"24201.7462500242","12","2016","DCENR","ENERGY (ENR)"
"227769.41409311345","12","2016","DCFIL","FINANCIAL LINES (FIL)"
"94423.33355552905","12","2016","DCLIA","GENERAL LIABILITY (LIA)"
"1196349.9405593018","12","2016","ENOFF","ENERGY (ENR)"
"72308.87632210439","12","2016","PRTOT","PROPERTY (PRO)"
"32303.98153810935","12","2017","DCBON","BONDS (BON)"
"19854.252","12","2017","DCENR","ENERGY (ENR)"
"633656.7972043295","12","2017","DCFIL","FINANCIAL LINES (FIL)"
"204569.59639672714","12","2017","DCLIA","GENERAL LIABILITY (LIA)"
"1564919.7472936064","12","2017","DCMAR","MARINE (MAR)"
"43001.47896648893","12","2017","DCPRO","PROPERTY (PRO)"
"122139.6","12","2017","ENCON","ENERGY (ENR)"
"2572022.0810201005","12","2017","ENOFF","ENERGY (ENR)"
"3673112.991360569","12","2017","ENONS","ENERGY (ENR)"
"30345505.729839668","12","2017","LISHT","LIFE (LIF)"
"961742.9077042347","12","2017","PRTOT","PROPERTY (PRO)"
"1516533.3720475135","12","2018","DCBON","BONDS (BON)"
"1036006.4192492338","12","2018","DCFIL","FINANCIAL LINES (FIL)"
"167455.2938394772","12","2018","DCLIA","GENERAL LIABILITY (LIA)"
"1590340.2977632603","12","2018","DCMAR","MARINE (MAR)"
"998714.9085069769","12","2018","DCPRO","PROPERTY (PRO)"
"27167.773542370724","12","2018","DCSPE","SPECIALITY RISKS (SPE)"
"2091866.82504394","12","2018","ENOFF","ENERGY (ENR)"
"996041.9336486212","12","2018","ENONS","ENERGY (ENR)"
"57809.12453169487","12","2018","LISHT","LIFE (LIF)"
"1258689.2235558159","12","2018","PRTOT","PROPERTY (PRO)"
"929715.4652157417","12","2019","DCBON","BONDS (BON)"
"1092455.2237877732","12","2019","DCFIL","FINANCIAL LINES (FIL)"
"209961.31696168924","12","2019","DCLIA","GENERAL LIABILITY (LIA)"
"228935.1648790599","12","2019","DCMAR","MARINE (MAR)"
"398017.7117","12","2019","ENCON","ENERGY (ENR)"
"1436064.6665035058","12","2019","ENOFF","ENERGY (ENR)"
"6091001.053526094","12","2019","ENONS","ENERGY (ENR)"
"21737.5","12","2019","ENOTH","ENERGY (ENR)"
"58680.24752815159","12","2019","LISHT","LIFE (LIF)"
"623009.2113050843","12","2019","PRTOT","PROPERTY (PRO)"
"647565.2268684808","12","2020","DCBON","BONDS (BON)"
"735947.1069838156","12","2020","DCFIL","FINANCIAL LINES (FIL)"
"7734.342633725524","12","2020","DCLIA","GENERAL LIABILITY (LIA)"
"1093404.3099170038","12","2020","DCMAR","MARINE (MAR)"
"61432.435906635845","12","2020","DCPRO","PROPERTY (PRO)"
"212981.73308490342","12","2020","ENCON","ENERGY (ENR)"
"3037986.1426382526","12","2020","ENOFF","ENERGY (ENR)"
"5342564.894644278","12","2020","ENONS","ENERGY (ENR)"
"19888.9125","12","2020","ENOTH","ENERGY (ENR)"
"284590.8091898807","12","2020","PRTOT","PROPERTY (PRO)"
"780768.8282690721","12","2021","DCBON","BONDS (BON)"
"1182767.2086803212","12","2021","DCFIL","FINANCIAL LINES (FIL)"
"76469.42140610839","12","2021","DCLIA","GENERAL LIABILITY (LIA)"
"368283.8448081071","12","2021","DCMAR","MARINE (MAR)"
"55653.9510223771","12","2021","DCPRO","PROPERTY (PRO)"
"2468780.4982371116","12","2021","ENOFF","ENERGY (ENR)"
"443520.7013027014","12","2021","ENONS","ENERGY (ENR)"
"9701.915","12","2021","ENOTH","ENERGY (ENR)"
"456597.4141208352","12","2021","PRTOT","PROPERTY (PRO)"
"1038768.0968651911","12","2022","DCBON","BONDS (BON)"
"651540.5247489428","12","2022","DCFIL","FINANCIAL LINES (FIL)"
"206331.16989323075","12","2022","DCMAR","MARINE (MAR)"
"523087.6995455","12","2022","ENCON","ENERGY (ENR)"
"2540130.47847031","12","2022","ENOFF","ENERGY (ENR)"
"3507753.896054013","12","2022","ENONS","ENERGY (ENR)"
"727704.2103740176","12","2022","ENOTH","ENERGY (ENR)"
"35894.258544061595","12","2022","LIIND","LIFE (LIF)"
"469074.72537678527","12","2022","PRTOT","PROPERTY (PRO)"
"167514.76992448018","12","2023","DCBON","BONDS (BON)"
"249059.18924614287","12","2023","DCFIL","FINANCIAL LINES (FIL)"
"751602.6653517671","12","2023","DCMAR","MARINE (MAR)"
"2476776.217654358","12","2023","ENOFF","ENERGY (ENR)"
"11177484.764599642","12","2023","ENONS","ENERGY (ENR)"
"17875.0","12","2023","ENOTH","ENERGY (ENR)"
"227145.46962480122","12","2023","PRTOT","PROPERTY (PRO)"
"3968288.97113561","12","2024","ENOFF","ENERGY (ENR)"
"6437997.390051316","12","2024","ENONS","ENERGY (ENR)"
"870133.3133","12","2024","ENOTH","ENERGY (ENR)"
"230156.80695866773","12","2024","LIIND","LIFE (LIF)"
"368802.20720379264","12","2024","PRTOT","PROPERTY (PRO)"
"2779254.73641425","12","2025","ENOFF","ENERGY (ENR)"
"4647426.61525","12","2025","ENONS","ENERGY (ENR)"
"1501397.4971726097","12","2025","ENOTH","ENERGY (ENR)"
"1094609.6694930983","12","2025","LIIND","LIFE (LIF)"
"447607.91655157274","12","2025","PRTOT","PROPERTY (PRO)"
